"Status","Start Time","Stop Time","Duration in ms","Parent Suite","Suite","Sub Suite","Test Class","Test Method","Name","Description"
"broken","Sat Feb 06 14:17:20 CST 2021","Sat Feb 06 14:17:20 CST 2021","452","testcase","test_moment","TestMoment","","","test_comments_moment[dict13]",""
"passed","Sat Feb 06 14:17:19 CST 2021","Sat Feb 06 14:17:20 CST 2021","904","testcase","test_moment","TestMoment","","","test_like_json[dict11]",""
"passed","Sat Feb 06 14:17:20 CST 2021","Sat Feb 06 14:17:21 CST 2021","385","testcase","test_user_info","TestUserInfo","","","test_get_profile[dict10]",""
"passed","Sat Feb 06 14:17:20 CST 2021","Sat Feb 06 14:17:21 CST 2021","412","testcase","test_user_info","TestUserInfo","","","test_updata_info[dict10]",""
"passed","Fri Feb 05 13:25:36 CST 2021","Fri Feb 05 13:25:36 CST 2021","335","testcase","test_userid_search","TestUserInfo","","","test_change_avatar[dict10]",""
"passed","Sat Feb 06 14:17:19 CST 2021","Sat Feb 06 14:17:20 CST 2021","1106","testcase","test_moment","TestMoment","","","test_like_moment[dict13]",""
"passed","Sat Feb 06 14:17:18 CST 2021","Sat Feb 06 14:17:18 CST 2021","702","testcase","test_moment","TestMoment","","","test_get_hot_moment[dict10]",""
"passed","Fri Feb 05 13:25:36 CST 2021","Fri Feb 05 13:25:36 CST 2021","363","testcase","test_userid_search","TestUserInfo","","","test_get_profile[dict10]",""
"passed","Sat Feb 06 14:17:18 CST 2021","Sat Feb 06 14:17:19 CST 2021","915","testcase","test_moment","TestMoment","","","test_post_moment[dict10]",""
"passed","Sat Feb 06 14:17:20 CST 2021","Sat Feb 06 14:17:22 CST 2021","1207","testcase","test_moment","TestMoment","","","test_like_json[dict14]",""
"passed","Sat Feb 06 14:17:21 CST 2021","Sat Feb 06 14:17:22 CST 2021","1101","testcase","test_moment","TestMoment","","","test_like_json[dict13]",""
"passed","Sat Feb 06 14:17:19 CST 2021","Sat Feb 06 14:17:19 CST 2021","693","testcase","test_moment","TestMoment","","","test_like_json[dict10]",""
"passed","Sat Feb 06 14:17:21 CST 2021","Sat Feb 06 14:17:21 CST 2021","439","testcase","test_user_info","TestUserInfo","","","test_change_avatar[dict10]",""
"passed","Fri Feb 05 13:25:36 CST 2021","Fri Feb 05 13:25:36 CST 2021","375","testcase","test_userid_search","TestUserInfo","","","test_updata_info[dict10]",""
"passed","Sat Feb 06 14:17:19 CST 2021","Sat Feb 06 14:17:20 CST 2021","1006","testcase","test_moment","TestMoment","","","test_like_json[dict12]",""
"passed","Sat Feb 06 14:17:20 CST 2021","Sat Feb 06 14:17:22 CST 2021","2144","testcase","test_user_info","TestUserInfo","","","test_upload_image[dict10]",""
"passed","Fri Feb 05 13:25:36 CST 2021","Fri Feb 05 13:25:36 CST 2021","338","testcase","test_userid_search","TestUserInfo","","","test_get_uid[dict10]",""
"passed","Sat Feb 06 14:17:19 CST 2021","Sat Feb 06 14:17:20 CST 2021","1951","testcase","test_moment","TestMoment","","","test_like_moment[dict12]",""
"passed","Sat Feb 06 14:17:18 CST 2021","Sat Feb 06 14:17:18 CST 2021","723","testcase","test_moment","TestMoment","","","test_get_follow_moment[dict11]",""
"passed","Sat Feb 06 14:17:18 CST 2021","Sat Feb 06 14:17:18 CST 2021","713","testcase","test_moment","TestMoment","","","test_get_hot_moment[dict11]",""
"passed","Sat Feb 06 14:17:21 CST 2021","Sat Feb 06 14:17:32 CST 2021","10608","testcase","test_user_info","TestUserInfo","","","test_get_uid[dict10]",""
"passed","Fri Feb 05 13:25:36 CST 2021","Fri Feb 05 13:25:38 CST 2021","2320","testcase","test_userid_search","TestUserInfo","","","test_upload_image[dict10]",""
"passed","Sat Feb 06 14:17:18 CST 2021","Sat Feb 06 14:17:19 CST 2021","916","testcase","test_moment","TestMoment","","","test_post_moment[dict11]",""
"passed","Sat Feb 06 14:17:21 CST 2021","Sat Feb 06 14:17:22 CST 2021","1526","testcase","test_moment","TestMoment","","","test_comment_moment[dict10]",""
"passed","Sat Feb 06 14:17:19 CST 2021","Sat Feb 06 14:17:21 CST 2021","2132","testcase","test_moment","TestMoment","","","test_like_moment[dict10]",""
"passed","Sat Feb 06 14:17:19 CST 2021","Sat Feb 06 14:17:21 CST 2021","1761","testcase","test_moment","TestMoment","","","test_comment_moment[dict11]",""
"passed","Sat Feb 06 14:17:19 CST 2021","Sat Feb 06 14:17:21 CST 2021","2132","testcase","test_moment","TestMoment","","","test_like_moment[dict14]",""
"passed","Sat Feb 06 14:17:18 CST 2021","Sat Feb 06 14:17:18 CST 2021","732","testcase","test_moment","TestMoment","","","test_get_follow_moment[dict10]",""
"passed","Sat Feb 06 14:17:20 CST 2021","Sat Feb 06 14:17:20 CST 2021","631","testcase","test_moment","TestMoment","","","test_comments_moment[dict12]",""
"passed","Sat Feb 06 14:17:18 CST 2021","Sat Feb 06 14:17:18 CST 2021","727","testcase","test_moment","TestMoment","","","test_get_nearby_moment[dict11]",""
"passed","Sat Feb 06 14:17:19 CST 2021","Sat Feb 06 14:17:20 CST 2021","1824","testcase","test_moment","TestMoment","","","test_like_moment[dict11]",""
"passed","Sat Feb 06 14:17:20 CST 2021","Sat Feb 06 14:17:21 CST 2021","784","testcase","test_moment","TestMoment","","","test_comments_moment[dict11]",""
"passed","Sat Feb 06 14:17:20 CST 2021","Sat Feb 06 14:17:20 CST 2021","697","testcase","test_moment","TestMoment","","","test_comments_moment[dict10]",""
"passed","Sat Feb 06 14:17:18 CST 2021","Sat Feb 06 14:17:18 CST 2021","725","testcase","test_moment","TestMoment","","","test_get_nearby_moment[dict10]",""
